postUrl,commentCount,likeCount,pubDate,username
https://www.instagram.com/p/CCTnYz3BrJE/,73,13919,2020-07-06T15:59:11.000Z,alexandermcqueen
https://www.instagram.com/p/CCTAu-yBofV/,61,11194,2020-07-06T10:21:50.000Z,alexandermcqueen
https://www.instagram.com/p/CCQ1K-3H9Gz/,140,23527,2020-07-05T14:00:48.000Z,alexandermcqueen
https://www.instagram.com/p/CCQPcP_HxMy/,295,67892,2020-07-05T08:31:06.000Z,alexandermcqueen
https://www.instagram.com/p/CCOQakiHm80/,138,35397,2020-07-04T14:01:06.000Z,alexandermcqueen
https://www.instagram.com/p/CCNqnIjnJnl/,299,46250,2020-07-04T08:30:50.000Z,alexandermcqueen
https://www.instagram.com/p/CCL26wYhZXC/,303,51325,2020-07-03T15:39:47.000Z,alexandermcqueen
https://www.instagram.com/p/CCLNxUuh39P/,161,39855,2020-07-03T09:40:14.000Z,alexandermcqueen
https://www.instagram.com/p/CCJR_1GBBq2/,244,40555,2020-07-02T15:38:41.000Z,alexandermcqueen
https://www.instagram.com/p/CCIrK24hHkj/,253,28568,2020-07-02T10:00:18.000Z,alexandermcqueen
https://www.instagram.com/p/CCTT8kapDc5/,241,77692,2020-07-06T13:08:07.000Z,balenciaga
https://www.instagram.com/p/CCLlvfFpMvL/,151,54278,2020-07-03T13:09:42.000Z,balenciaga
https://www.instagram.com/p/CCJAXMNHo-5/,337,88046,2020-07-02T13:04:35.000Z,balenciaga
https://www.instagram.com/p/CCGeFadHus5/,265,48803,2020-07-01T13:26:35.000Z,balenciaga
https://www.instagram.com/p/CCD3UXUnU-N/,248,53424,2020-06-30T13:09:21.000Z,balenciaga
https://www.instagram.com/p/CCBSN7wKwn8/,818,91380,2020-06-29T13:06:41.000Z,balenciaga
https://www.instagram.com/p/CB5jOfYqf4s/,281,99195,2020-06-26T13:01:23.000Z,balenciaga
https://www.instagram.com/p/CB3BtACqfw0/,478,83113,2020-06-25T13:29:59.000Z,balenciaga
https://www.instagram.com/p/CB0bZOxJQTE/,272,69731,2020-06-24T13:16:45.000Z,balenciaga
https://www.instagram.com/p/CBx0PyJpE92/,490,76119,2020-06-23T12:56:11.000Z,balenciaga
https://www.instagram.com/p/CCWTWgRI2IW/,43,7953,2020-07-07T17:00:39.000Z,balmain
https://www.instagram.com/p/CCVLo-3oTQ-/,70,17565,2020-07-07T06:34:01.000Z,balmain
https://www.instagram.com/p/CCUERWWg7T9/,61,14233,2020-07-06T20:10:23.000Z,balmain
https://www.instagram.com/p/CCUB6N2gUls/,64,14985,2020-07-06T19:49:45.000Z,balmain
https://www.instagram.com/p/CCTpukOoccZ/,135,11046,2020-07-06T16:20:00.000Z,balmain
https://www.instagram.com/p/CCRu9epIK1y/,255,51716,2020-07-05T22:25:42.000Z,balmain
https://www.instagram.com/p/CCOwbZPIVrH/,69,14727,2020-07-04T18:40:48.000Z,balmain
https://www.instagram.com/p/CCOSB3Co8eJ/,96,22568,2020-07-04T14:15:10.000Z,balmain
https://www.instagram.com/p/CCN7FK9o4rc/,171,19484,2020-07-04T11:00:06.000Z,balmain
https://www.instagram.com/p/CCMTGA_owOX/,68,11291,2020-07-03T19:45:59.000Z,balmain
https://www.instagram.com/p/CCNSieRJtr-/,0,38,2020-07-04T05:00:23.000Z,beyorg
https://www.instagram.com/p/CCLcz_3pC3W/,0,44,2020-07-03T11:51:40.000Z,beyorg
https://www.instagram.com/p/CCIygGNJchR/,0,36,2020-07-02T11:03:28.000Z,beyorg
https://www.instagram.com/p/CB7Q8rbpEtq/,0,30,2020-06-27T05:00:09.000Z,beyorg
https://www.instagram.com/p/CB5e6JeJRrb/,0,31,2020-06-26T12:23:39.000Z,beyorg
https://www.instagram.com/p/CB2USrDpy5X/,0,29,2020-06-25T06:53:10.000Z,beyorg
https://www.instagram.com/p/CBnU-vGJKyU/,1,37,2020-06-19T11:10:34.000Z,beyorg
https://www.instagram.com/p/CBkwlq1JFT2/,0,47,2020-06-18T11:14:06.000Z,beyorg
https://www.instagram.com/p/CBkwlq2Jwtq/,0,47,2020-06-18T11:14:06.000Z,beyorg
https://www.instagram.com/p/CBiM-vfHWFS/,1,122,2020-06-17T11:25:19.000Z,beyorg
https://www.instagram.com/p/CCFyF_0j32d/,1,155,2020-07-01T07:02:12.000Z,careyoubeauty
https://www.instagram.com/p/CCFyF_2DjhD/,1,155,2020-07-01T07:02:12.000Z,careyoubeauty
https://www.instagram.com/p/CCFyF_1jvgy/,1,155,2020-07-01T07:02:12.000Z,careyoubeauty
https://www.instagram.com/p/CBZ2h4oDvMN/,4,155,2020-06-14T05:35:38.000Z,careyoubeauty
https://www.instagram.com/p/CAu7j6vDpcq/,0,174,2020-05-28T13:31:00.000Z,careyoubeauty
https://www.instagram.com/p/CAu7j6uDiFX/,0,174,2020-05-28T13:31:00.000Z,careyoubeauty
https://www.instagram.com/p/CANryegDPk5/,5,210,2020-05-15T15:38:14.000Z,careyoubeauty
https://www.instagram.com/p/CANryefjGEz/,5,210,2020-05-15T15:38:14.000Z,careyoubeauty
https://www.instagram.com/p/CANryeejGQX/,5,210,2020-05-15T15:38:14.000Z,careyoubeauty
https://www.instagram.com/p/B83ppwkDRON/,6,121,2020-02-22T12:42:05.000Z,careyoubeauty
https://www.instagram.com/p/CCVpvNHjGuy/,42,14701,2020-07-07T10:57:01.000Z,casetify
https://www.instagram.com/p/CCS7Y1LjJGu/,89,23368,2020-07-06T09:33:32.000Z,casetify
https://www.instagram.com/p/CCPwAANj1tz/,60,7596,2020-07-05T04:02:24.000Z,casetify
https://www.instagram.com/p/CCPwsncDMsp/,60,7596,2020-07-05T04:02:24.000Z,casetify
https://www.instagram.com/p/CCPwsnbjvFT/,60,7596,2020-07-05T04:02:24.000Z,casetify
https://www.instagram.com/p/CCPwsndjTjr/,60,7596,2020-07-05T04:02:24.000Z,casetify
https://www.instagram.com/p/CCPwsncjAcw/,60,7596,2020-07-05T04:02:24.000Z,casetify
https://www.instagram.com/p/CCORAUQDf8Y/,87,8565,2020-07-04T14:06:13.000Z,casetify
https://www.instagram.com/p/CCLXhafDxQm/,183,34440,2020-07-03T11:05:27.000Z,casetify
https://www.instagram.com/p/CCIJo4UDXTb/,132,12716,2020-07-02T05:06:25.000Z,casetify
https://www.instagram.com/p/CCJUzGsFyMP/,300,54433,2020-07-02T16:03:10.000Z,celine.104
https://www.instagram.com/p/CCJUzGslXnS/,300,54433,2020-07-02T16:03:10.000Z,celine.104
https://www.instagram.com/p/CCJUzGtlEz5/,300,54433,2020-07-02T16:03:10.000Z,celine.104
https://www.instagram.com/p/CBafMwoltgc/,331,49308,2020-06-14T11:29:45.000Z,celine.104
https://www.instagram.com/p/CBU9zRylYeZ/,401,39490,2020-06-12T08:01:42.000Z,celine.104
https://www.instagram.com/p/CBIV7DEFoS_/,809,74393,2020-06-07T10:22:21.000Z,celine.104
https://www.instagram.com/p/CA5RtEdlV4M/,89,24549,2020-06-01T13:56:53.000Z,celine.104
https://www.instagram.com/p/CA0BwtsFXIA/,122,29698,2020-05-30T13:01:22.000Z,celine.104
https://www.instagram.com/p/CA0Bwtrl6Wp/,122,29698,2020-05-30T13:01:22.000Z,celine.104
https://www.instagram.com/p/CA0Bwtql0XL/,122,29698,2020-05-30T13:01:22.000Z,celine.104
https://www.instagram.com/p/CB2hpy3K7Xt/,2,396,2020-06-25T08:49:55.000Z,maison_corthay
https://www.instagram.com/p/CBz_IVdqy0V/,4,287,2020-06-24T09:09:46.000Z,maison_corthay
https://www.instagram.com/p/CBx9Jm-Kd5G/,6,557,2020-06-23T14:13:59.000Z,maison_corthay
https://www.instagram.com/p/CBlE38TKxOW/,1,321,2020-06-18T14:11:21.000Z,maison_corthay
https://www.instagram.com/p/CBiIDeaK4vG/,10,444,2020-06-17T10:41:25.000Z,maison_corthay
https://www.instagram.com/p/CBgJ3vRq7tT/,12,529,2020-06-16T16:18:49.000Z,maison_corthay
https://www.instagram.com/p/CAX__Y6KcDw/,10,439,2020-05-19T15:47:10.000Z,maison_corthay
https://www.instagram.com/p/CAUtmopKpAf/,7,328,2020-05-18T09:08:46.000Z,maison_corthay
https://www.instagram.com/p/CASpdmQq59c/,10,974,2020-05-17T13:54:06.000Z,maison_corthay
https://www.instagram.com/p/CAQZ-CHqZ0A/,2,212,2020-05-16T17:00:14.000Z,maison_corthay
https://www.instagram.com/p/CCTzAwAnqcn/,13,2118,2020-07-06T17:39:35.000Z,dvf
https://www.instagram.com/p/CCOjss3nXkU/,28,2340,2020-07-04T16:49:34.000Z,dvf
https://www.instagram.com/p/CCJUK4jHOWH/,47,5862,2020-07-02T15:57:40.000Z,dvf
https://www.instagram.com/p/CCEAQUwHFg7/,55,2895,2020-06-30T14:27:27.000Z,dvf
https://www.instagram.com/p/CCBx4AhnSNr/,24,2989,2020-06-29T17:43:19.000Z,dvf
https://www.instagram.com/p/CB8rcegHd2u/,12,1994,2020-06-27T18:10:55.000Z,dvf
https://www.instagram.com/p/CB6CNDXHo6a/,33,2698,2020-06-26T17:32:05.000Z,dvf
https://www.instagram.com/p/CB6CNDYH7a0/,33,2698,2020-06-26T17:32:05.000Z,dvf
https://www.instagram.com/p/CB3kbd9nKh1/,43,1232,2020-06-25T18:33:25.000Z,dvf
https://www.instagram.com/p/CB03XCmnpaK/,7,222,2020-06-24T17:26:11.000Z,dvf
https://www.instagram.com/p/CCLHjiYHM8U/,1,4,2020-07-03T08:45:55.000Z,dicksonwatchandjewellery
https://www.instagram.com/p/CCLHgZuHM6l/,1,4,2020-07-03T08:45:30.000Z,dicksonwatchandjewellery
https://www.instagram.com/p/CCLHgZvHZWY/,1,4,2020-07-03T08:45:30.000Z,dicksonwatchandjewellery
https://www.instagram.com/p/CCLHcGeHaYK/,1,4,2020-07-03T08:44:55.000Z,dicksonwatchandjewellery
https://www.instagram.com/p/CCLHcGfHmNg/,1,4,2020-07-03T08:44:55.000Z,dicksonwatchandjewellery
https://www.instagram.com/p/CCIriQhnmWx/,1,4,2020-07-02T10:02:36.000Z,dicksonwatchandjewellery
https://www.instagram.com/p/CCIrhUHnAK1/,1,6,2020-07-02T10:02:29.000Z,dicksonwatchandjewellery
https://www.instagram.com/p/CCIrhUIHm9l/,1,6,2020-07-02T10:02:29.000Z,dicksonwatchandjewellery
https://www.instagram.com/p/CCIrfsyHB0l/,1,4,2020-07-02T10:02:15.000Z,dicksonwatchandjewellery
https://www.instagram.com/p/CCFpeHfndmN/,1,3,2020-07-01T05:46:50.000Z,dicksonwatchandjewellery
https://www.instagram.com/p/CCTOJSvjuJY/,46,7355,2020-07-06T12:17:26.000Z,driesvannoten
https://www.instagram.com/p/CCOCd3vjZbD/,31,3426,2020-07-04T12:01:21.000Z,driesvannoten
https://www.instagram.com/p/CCIvjv6DaoR/,127,11121,2020-07-02T10:37:46.000Z,driesvannoten
https://www.instagram.com/p/CCIvjv5jvwj/,127,11121,2020-07-02T10:37:46.000Z,driesvannoten
https://www.instagram.com/p/CCIvjv8DPEX/,127,11121,2020-07-02T10:37:46.000Z,driesvannoten
https://www.instagram.com/p/CCIvjv6jdF2/,127,11121,2020-07-02T10:37:46.000Z,driesvannoten
https://www.instagram.com/p/CCF2r6kj7SE/,37,4839,2020-07-01T07:42:19.000Z,driesvannoten
https://www.instagram.com/p/CCF2r6ljVeF/,37,4839,2020-07-01T07:42:19.000Z,driesvannoten
https://www.instagram.com/p/CCAzN_GD8_3/,48,8211,2020-06-29T08:35:49.000Z,driesvannoten
https://www.instagram.com/p/CB5aozdDo4d/,87,11196,2020-06-26T11:46:20.000Z,driesvannoten
https://www.instagram.com/p/CCUDJdHimdw/,159,48193,2020-07-06T20:00:51.000Z,gucci
https://www.instagram.com/p/CCTuWxhiR3K/,95,31544,2020-07-06T16:59:09.000Z,gucci
https://www.instagram.com/p/CCTdfiCCKhk/,148,47769,2020-07-06T14:31:48.000Z,gucci
https://www.instagram.com/p/CCRXdEJiml3/,648,180897,2020-07-05T19:00:18.000Z,gucci
https://www.instagram.com/p/CCQZnQ2Cz75/,281,73060,2020-07-05T10:01:11.000Z,gucci
https://www.instagram.com/p/CCOQWouCbay/,377,128969,2020-07-04T14:00:32.000Z,gucci
https://www.instagram.com/p/CCMUwd9Iqwh/,812,169570,2020-07-03T20:00:31.000Z,gucci
https://www.instagram.com/p/CCL5SqCIeAp/,157,75964,2020-07-03T16:00:31.000Z,gucci
https://www.instagram.com/p/CCLfKj2owOA/,310,136763,2020-07-03T12:12:14.000Z,gucci
https://www.instagram.com/p/CCK7hRCli7f/,1095,276073,2020-07-03T07:00:45.000Z,gucci
https://www.instagram.com/p/CCSXzHop0SK/,7,1308,2020-07-06T04:22:33.000Z,hbx
https://www.instagram.com/p/CCSXzHop3Ib/,7,1308,2020-07-06T04:22:33.000Z,hbx
https://www.instagram.com/p/CCSXzHnpq2C/,7,1308,2020-07-06T04:22:33.000Z,hbx
https://www.instagram.com/p/CCSXzHpJxa1/,7,1308,2020-07-06T04:22:33.000Z,hbx
https://www.instagram.com/p/CCSXzHnpQAr/,7,1308,2020-07-06T04:22:33.000Z,hbx
https://www.instagram.com/p/CCSXzHmp2CJ/,7,1308,2020-07-06T04:22:33.000Z,hbx
https://www.instagram.com/p/CCSXzHlpj0Q/,7,1308,2020-07-06T04:22:33.000Z,hbx
https://www.instagram.com/p/CCSXzHppsnt/,7,1308,2020-07-06T04:22:33.000Z,hbx
https://www.instagram.com/p/CCQ22vWJh5N/,3,1020,2020-07-05T14:15:27.000Z,hbx
https://www.instagram.com/p/CCQ22vXJgm8/,3,1020,2020-07-05T14:15:27.000Z,hbx
https://www.instagram.com/p/CCTnCUKA2rH/,63,20233,2020-07-06T15:54:56.000Z,jimmychoo
https://www.instagram.com/p/CCOPULzgcUU/,107,31431,2020-07-04T13:51:27.000Z,jimmychoo
https://www.instagram.com/p/CCJUBX7AkMv/,107,26231,2020-07-02T15:56:22.000Z,jimmychoo
https://www.instagram.com/p/CCEK5fZA3cl/,63,21214,2020-06-30T16:00:27.000Z,jimmychoo
https://www.instagram.com/p/CB-yk5GgrpB/,111,33417,2020-06-28T13:51:43.000Z,jimmychoo
https://www.instagram.com/p/CB530WUg97b/,355,66640,2020-06-26T16:01:19.000Z,jimmychoo
https://www.instagram.com/p/CB0xF94AIc-/,114,25333,2020-06-24T16:26:21.000Z,jimmychoo
https://www.instagram.com/p/CByKAXVAWVz/,324,79697,2020-06-23T16:06:20.000Z,jimmychoo
https://www.instagram.com/p/CByKAXXgtV3/,324,79697,2020-06-23T16:06:20.000Z,jimmychoo
https://www.instagram.com/p/CByKAXWg4Qh/,324,79697,2020-06-23T16:06:20.000Z,jimmychoo
https://www.instagram.com/p/CCTw71FFCTa/,1,164,2020-07-06T17:21:26.000Z,jlindebergofficial
https://www.instagram.com/p/CCTSTVuFRZt/,2,333,2020-07-06T12:53:45.000Z,jlindebergofficial
https://www.instagram.com/p/CCOLA_gFT_0/,8,751,2020-07-04T13:13:53.000Z,jlindebergofficial
https://www.instagram.com/p/CCJgLpAF1xl/,3,266,2020-07-02T17:42:38.000Z,jlindebergofficial
https://www.instagram.com/p/CCJAJOvlShx/,1,335,2020-07-02T13:02:41.000Z,jlindebergofficial
https://www.instagram.com/p/CCG1Xfjl1ur/,3,333,2020-07-01T16:50:02.000Z,jlindebergofficial
https://www.instagram.com/p/CBvb4EXFpBd/,2,251,2020-06-22T14:44:45.000Z,jlindebergofficial
https://www.instagram.com/p/CBljdXLF4vs/,8,338,2020-06-18T18:38:36.000Z,jlindebergofficial
https://www.instagram.com/p/CBlT6DAlTSM/,2,214,2020-06-18T16:22:43.000Z,jlindebergofficial
https://www.instagram.com/p/CBgDYyCDIlw/,1,270,2020-06-16T15:22:10.000Z,jlindebergofficial
https://www.instagram.com/p/CCWGx8PpjUN/,1,506,2020-07-07T15:10:48.000Z,kentandcurwen
https://www.instagram.com/p/CCTms2SJ5Lt/,0,534,2020-07-06T15:52:00.000Z,kentandcurwen
https://www.instagram.com/p/CCTms2QJ5MP/,0,534,2020-07-06T15:52:00.000Z,kentandcurwen
https://www.instagram.com/p/CCQ_MlyJ674/,3,478,2020-07-05T15:28:20.000Z,kentandcurwen
https://www.instagram.com/p/CCLQMOzJtE4/,19,1214,2020-07-03T10:01:23.000Z,kentandcurwen
https://www.instagram.com/p/CCJRyASJJur/,26,3854,2020-07-02T15:36:48.000Z,kentandcurwen
https://www.instagram.com/p/CCGywMFJDcN/,3,412,2020-07-01T16:27:11.000Z,kentandcurwen
https://www.instagram.com/p/CCDy_2ppnIh/,6,974,2020-06-30T12:31:36.000Z,kentandcurwen
https://www.instagram.com/p/CCBvpHdpCQj/,10,1705,2020-06-29T17:23:48.000Z,kentandcurwen
https://www.instagram.com/p/CB-sE2uJ0nG/,5,1372,2020-06-28T12:54:55.000Z,kentandcurwen
https://www.instagram.com/p/CCWM-sEIRiR/,5,1166,2020-07-07T16:04:58.000Z,kenzo
https://www.instagram.com/p/CCQ1F7GHDg2/,23,4284,2020-07-05T14:00:10.000Z,kenzo
https://www.instagram.com/p/CCL9w7-oOAz/,11,3371,2020-07-03T16:39:38.000Z,kenzo
https://www.instagram.com/p/CCL9w7_o7tT/,11,3371,2020-07-03T16:39:38.000Z,kenzo
https://www.instagram.com/p/CCL9w7_o5Vw/,11,3371,2020-07-03T16:39:38.000Z,kenzo
https://www.instagram.com/p/CCGwMbEILeM/,19,6286,2020-07-01T16:04:50.000Z,kenzo
https://www.instagram.com/p/CCELfmpoqCZ/,13,3058,2020-06-30T16:08:16.000Z,kenzo
https://www.instagram.com/p/CCELykjo42P/,13,3058,2020-06-30T16:08:16.000Z,kenzo
https://www.instagram.com/p/CCELyklImlM/,13,3058,2020-06-30T16:08:16.000Z,kenzo
https://www.instagram.com/p/CCELykko1FK/,13,3058,2020-06-30T16:08:16.000Z,kenzo
https://www.instagram.com/p/CCUBJ1VpBge/,29,4796,2020-07-06T19:43:09.000Z,loewe
https://www.instagram.com/p/CCT8dXppn7f/,28,6838,2020-07-06T19:02:08.000Z,loewe
https://www.instagram.com/p/CCT8dXnJj2d/,28,6838,2020-07-06T19:02:08.000Z,loewe
https://www.instagram.com/p/CCT6FWvA1IC/,13,2621,2020-07-06T18:41:22.000Z,loewe
https://www.instagram.com/p/CCT6CbBAkyz/,19,6175,2020-07-06T18:40:58.000Z,loewe
https://www.instagram.com/p/CCTFaygghQO/,23,5535,2020-07-06T11:01:11.000Z,loewe
https://www.instagram.com/p/CCS-efgAr7m/,16,4246,2020-07-06T10:00:31.000Z,loewe
https://www.instagram.com/p/CCRQYfVg-4e/,45,8366,2020-07-05T17:58:30.000Z,loewe
https://www.instagram.com/p/CCQ1z6fgRAm/,27,5942,2020-07-05T14:06:19.000Z,loewe
https://www.instagram.com/p/CCQfHzCAZfP/,27,4957,2020-07-05T10:48:03.000Z,loewe
https://www.instagram.com/p/CCT8mi4Kp2C/,459,84020,2020-07-06T19:04:19.000Z,louisvuitton
https://www.instagram.com/p/CCTnn0RHCyY/,996,273202,2020-07-06T16:00:10.000Z,louisvuitton
https://www.instagram.com/p/CCTRDbpKZJu/,233,53453,2020-07-06T12:43:10.000Z,louisvuitton
https://www.instagram.com/p/CCRC06JFjHm/,399,109367,2020-07-05T16:00:10.000Z,louisvuitton
https://www.instagram.com/p/CCQuO6AHIBi/,199,56553,2020-07-05T13:00:16.000Z,louisvuitton
https://www.instagram.com/p/CCQPUzBnLlD/,419,117214,2020-07-05T08:30:08.000Z,louisvuitton
https://www.instagram.com/p/CCMJRGPH4tS/,709,237235,2020-07-03T18:20:14.000Z,louisvuitton
https://www.instagram.com/p/CCLfVQfA2Af/,324,106363,2020-07-03T12:13:48.000Z,louisvuitton
https://www.instagram.com/p/CCLFs9QAllp/,202,51153,2020-07-03T08:29:53.000Z,louisvuitton
https://www.instagram.com/p/CCJUcjInWyb/,178,26394,2020-07-02T16:00:11.000Z,louisvuitton
https://www.instagram.com/p/CCV_UORpNO4/,90,3563,2020-07-07T14:06:17.000Z,miumiuguitargirl
https://www.instagram.com/p/CB2A0CNJu5A/,72,1942,2020-06-25T04:08:46.000Z,miumiuguitargirl
https://www.instagram.com/p/CBe8Xv7lpGJ/,197,7611,2020-06-16T05:02:46.000Z,miumiuguitargirl
https://www.instagram.com/p/CBV-AVdpiu-/,422,10559,2020-06-12T17:24:28.000Z,miumiuguitargirl
https://www.instagram.com/p/CA5p3QSJ-fJ/,75,2698,2020-06-01T17:28:21.000Z,miumiuguitargirl
https://www.instagram.com/p/CAO07GNJFPm/,518,14168,2020-05-16T02:19:31.000Z,miumiuguitargirl
https://www.instagram.com/p/CAHinQ2pZLU/,327,11106,2020-05-13T06:23:27.000Z,miumiuguitargirl
https://www.instagram.com/p/B_8-h4jpYwm/,92,5667,2020-05-09T03:55:24.000Z,miumiuguitargirl
https://www.instagram.com/p/B_4Kq4YpJWW/,229,10036,2020-05-07T07:06:07.000Z,miumiuguitargirl
https://www.instagram.com/p/B_tkp2CJWQ4/,348,10804,2020-05-03T04:31:11.000Z,miumiuguitargirl
https://www.instagram.com/p/CCWURf4haZ5/,73,20788,2020-07-07T17:08:42.000Z,moschino
https://www.instagram.com/p/CCWLrzyhmhF/,135,53953,2020-07-07T15:53:39.000Z,moschino
https://www.instagram.com/p/CCWAglSBTaV/,148,41355,2020-07-07T14:16:00.000Z,moschino
https://www.instagram.com/p/CCTffhbhc5v/,251,79077,2020-07-06T14:49:01.000Z,moschino
https://www.instagram.com/p/CCRlJrHhZ1U/,222,64549,2020-07-05T20:59:59.000Z,moschino
https://www.instagram.com/p/CCRQwIvBDrp/,357,113688,2020-07-05T18:01:44.000Z,moschino
https://www.instagram.com/p/CCOkGkSBuu6/,604,132610,2020-07-04T16:53:06.000Z,moschino
https://www.instagram.com/p/CCMtF7UBlXb/,101,43697,2020-07-03T23:33:10.000Z,moschino
https://www.instagram.com/p/CCMm22AhQCZ/,238,64598,2020-07-03T22:38:41.000Z,moschino
https://www.instagram.com/p/CCMDp5mhJ-5/,174,71782,2020-07-03T17:31:05.000Z,moschino
https://www.instagram.com/p/CBdCz_RoV-6/,4,373,2020-06-15T11:20:10.000Z,moynat
https://www.instagram.com/p/CBVPsEqoSMJ/,5,758,2020-06-12T10:38:00.000Z,moynat
https://www.instagram.com/p/CBQCdz-o4JK/,4,474,2020-06-10T10:14:50.000Z,moynat
https://www.instagram.com/p/CBLAZyMIu6a/,7,505,2020-06-08T11:13:13.000Z,moynat
https://www.instagram.com/p/CA43IvHI9zl/,9,536,2020-06-01T10:05:14.000Z,moynat
https://www.instagram.com/p/CAxSoXDoz7V/,8,523,2020-05-29T11:31:46.000Z,moynat
https://www.instagram.com/p/CApaom8I_EV/,15,887,2020-05-26T10:07:04.000Z,moynat
https://www.instagram.com/p/CAhxnQWoGQi/,11,939,2020-05-23T10:53:56.000Z,moynat
https://www.instagram.com/p/CAaB2wzooPN/,12,1120,2020-05-20T10:41:56.000Z,moynat
https://www.instagram.com/p/CAIIymMIAOK/,14,1236,2020-05-13T11:56:12.000Z,moynat
https://www.instagram.com/p/CBlT1_ZlU_X/,30,4249,2020-06-18T16:22:10.000Z,patekphilippe
https://www.instagram.com/p/CBlTuIQF3cP/,11,2973,2020-06-18T16:21:27.000Z,patekphilippe
https://www.instagram.com/p/CBlTko6F-sz/,13,5173,2020-06-18T16:20:33.000Z,patekphilippe
https://www.instagram.com/p/CBlTqLil3jY/,13,5173,2020-06-18T16:20:33.000Z,patekphilippe
https://www.instagram.com/p/CBlTqLhljLu/,13,5173,2020-06-18T16:20:33.000Z,patekphilippe
https://www.instagram.com/p/CBlTkp1lJHo/,13,5173,2020-06-18T16:20:33.000Z,patekphilippe
https://www.instagram.com/p/CBlTqLjFQlg/,13,5173,2020-06-18T16:20:33.000Z,patekphilippe
https://www.instagram.com/p/CBlTaS0lW35/,134,18412,2020-06-18T16:19:01.000Z,patekphilippe
https://www.instagram.com/p/CBlTfABlpse/,134,18412,2020-06-18T16:19:01.000Z,patekphilippe
https://www.instagram.com/p/CBlTfACFBur/,134,18412,2020-06-18T16:19:01.000Z,patekphilippe
https://www.instagram.com/p/CCWNz0CpL5X/,0,323,2020-07-07T16:12:13.000Z,paulsmithdesign
https://www.instagram.com/p/CCTjkDnpZTU/,6,1195,2020-07-06T15:24:35.000Z,paulsmithdesign
https://www.instagram.com/p/CCSyAiRJT1F/,14,1441,2020-07-06T08:11:34.000Z,paulsmithdesign
https://www.instagram.com/p/CCK5xxfpGR9/,4,1715,2020-07-03T06:45:32.000Z,paulsmithdesign
https://www.instagram.com/p/CCDsEyBJ6gt/,21,3006,2020-06-30T11:31:07.000Z,paulsmithdesign
https://www.instagram.com/p/CCArja0JhR9/,15,3024,2020-06-29T07:28:50.000Z,paulsmithdesign
https://www.instagram.com/p/CB5Z1dfpNQ6/,11,1431,2020-06-26T11:40:23.000Z,paulsmithdesign
https://www.instagram.com/p/CB5Z9MRJpwW/,11,1431,2020-06-26T11:40:23.000Z,paulsmithdesign
https://www.instagram.com/p/CB0R9r7JIC8/,15,1739,2020-06-24T11:54:21.000Z,paulsmithdesign
https://www.instagram.com/p/CB0R9r8JYNT/,15,1739,2020-06-24T11:54:21.000Z,paulsmithdesign
https://www.instagram.com/p/CCV4Udnn2jr/,3,1138,2020-07-07T13:04:26.000Z,rogervivier
https://www.instagram.com/p/CCTS78mH4vP/,17,2656,2020-07-06T12:59:18.000Z,rogervivier
https://www.instagram.com/p/CCQuSNunndl/,3,1401,2020-07-05T13:00:33.000Z,rogervivier
https://www.instagram.com/p/CCOJhHWHFWj/,20,3528,2020-07-04T13:00:48.000Z,rogervivier
https://www.instagram.com/p/CCOJhHXHTPL/,20,3528,2020-07-04T13:00:48.000Z,rogervivier
https://www.instagram.com/p/CCLks2mnCsg/,20,5311,2020-07-03T13:00:36.000Z,rogervivier
https://www.instagram.com/p/CCI_yNXHec-/,25,7909,2020-07-02T12:59:32.000Z,rogervivier
https://www.instagram.com/p/CCGbGd1H7dN/,21,1458,2020-07-01T13:00:31.000Z,rogervivier
https://www.instagram.com/p/CCGbGd0nUfj/,21,1458,2020-07-01T13:00:31.000Z,rogervivier
https://www.instagram.com/p/CB8H7VSnnAI/,11,1803,2020-06-27T13:00:34.000Z,rogervivier
https://www.instagram.com/p/CCSxypyFlIu/,11,961,2020-07-06T08:09:40.000Z,stdupont
https://www.instagram.com/p/CCNyM2JlyuO/,17,1801,2020-07-04T09:37:03.000Z,stdupont
https://www.instagram.com/p/CCLE_unlpRr/,6,860,2020-07-03T08:23:33.000Z,stdupont
https://www.instagram.com/p/CCDbiMMF0Bu/,4,491,2020-06-30T09:06:35.000Z,stdupont
https://www.instagram.com/p/CCAoHVPFxsV/,6,424,2020-06-29T06:58:47.000Z,stdupont
https://www.instagram.com/p/CB7o-YWFFsR/,6,628,2020-06-27T08:30:06.000Z,stdupont
https://www.instagram.com/p/CB2eqMhlNpU/,2,355,2020-06-25T08:23:45.000Z,stdupont
https://www.instagram.com/p/CBzyePEl-pE/,2,253,2020-06-24T07:19:10.000Z,stdupont
https://www.instagram.com/p/CBu2_IFlXL8/,3,318,2020-06-22T09:22:24.000Z,stdupont
https://www.instagram.com/p/CBsES6_lR5H/,3,813,2020-06-21T07:20:59.000Z,stdupont
https://www.instagram.com/p/CCWaNZ6gMIM/,3,498,2020-07-07T18:00:35.000Z,stellamccartney
https://www.instagram.com/p/CCWaNZ7APTj/,3,498,2020-07-07T18:00:35.000Z,stellamccartney
https://www.instagram.com/p/CCWaNaHg1tj/,3,498,2020-07-07T18:00:35.000Z,stellamccartney
https://www.instagram.com/p/CCWaNZ6AmKB/,3,498,2020-07-07T18:00:35.000Z,stellamccartney
https://www.instagram.com/p/CCWaNZ8A9YM/,3,498,2020-07-07T18:00:35.000Z,stellamccartney
https://www.instagram.com/p/CCWaNZ8gW0D/,3,498,2020-07-07T18:00:35.000Z,stellamccartney
https://www.instagram.com/p/CCWBGXLJV4j/,13,1600,2020-07-07T14:21:44.000Z,stellamccartney
https://www.instagram.com/p/CCTujIsKQuo/,26,1935,2020-07-06T17:00:50.000Z,stellamccartney
https://www.instagram.com/p/CCTahTBqGB5/,42,7323,2020-07-06T14:05:35.000Z,stellamccartney
https://www.instagram.com/p/CCTahTDK3pR/,42,7323,2020-07-06T14:05:35.000Z,stellamccartney
https://www.instagram.com/p/CBpYez0HPb5/,1,57,2020-06-20T06:19:39.000Z,thewhiskylibrary
https://www.instagram.com/p/CBpYez1HKlN/,1,57,2020-06-20T06:19:39.000Z,thewhiskylibrary
https://www.instagram.com/p/CBINHkTnDG7/,2,45,2020-06-07T09:05:25.000Z,thewhiskylibrary
https://www.instagram.com/p/CAsHbl5HnDN/,0,64,2020-05-27T11:16:59.000Z,thewhiskylibrary
https://www.instagram.com/p/CAUpBLDHIQG/,5,71,2020-05-18T08:28:42.000Z,thewhiskylibrary
https://www.instagram.com/p/CAPQ9OKnM-f/,0,53,2020-05-16T06:22:15.000Z,thewhiskylibrary
https://www.instagram.com/p/B__rR_KHh3h/,1,106,2020-05-10T05:04:25.000Z,thewhiskylibrary
https://www.instagram.com/p/B_2X2-DprFb/,6,113,2020-05-06T14:21:33.000Z,thewhiskylibrary
https://www.instagram.com/p/B_jSZTKHGKw/,0,76,2020-04-29T04:28:14.000Z,thewhiskylibrary
https://www.instagram.com/p/B_b2HJwnVx8/,7,101,2020-04-26T07:06:24.000Z,thewhiskylibrary
https://www.instagram.com/p/CCTcjIzlfq7/,56,33744,2020-07-06T14:23:18.000Z,tiffanyandco
https://www.instagram.com/p/CCQjScSF_HP/,238,68682,2020-07-05T11:24:28.000Z,tiffanyandco
https://www.instagram.com/p/CCOEgE-lp7i/,62,34510,2020-07-04T12:16:57.000Z,tiffanyandco
https://www.instagram.com/p/CCLd0u1lLvK/,169,34179,2020-07-03T12:00:42.000Z,tiffanyandco
https://www.instagram.com/p/CCLd2DflRGD/,169,34179,2020-07-03T12:00:42.000Z,tiffanyandco
https://www.instagram.com/p/CCLd2DfF50L/,169,34179,2020-07-03T12:00:42.000Z,tiffanyandco
https://www.instagram.com/p/CCJGvSxl4yJ/,86,12998,2020-07-02T14:00:25.000Z,tiffanyandco
https://www.instagram.com/p/CCI1-wXFcFJ/,94,20040,2020-07-02T11:34:02.000Z,tiffanyandco
https://www.instagram.com/p/CCHHsmGFHNF/,93,33207,2020-07-01T19:30:12.000Z,tiffanyandco
https://www.instagram.com/p/CCHE2DqlPuR/,167,18024,2020-07-01T19:05:16.000Z,tiffanyandco
https://www.instagram.com/p/CCQ_ullgQls/,54,9003,2020-07-05T15:32:58.000Z,tods
https://www.instagram.com/p/CCOeWpdgl6L/,28,6510,2020-07-04T16:02:52.000Z,tods
https://www.instagram.com/p/CCMCW4dAazn/,91,16444,2020-07-03T17:19:45.000Z,tods
https://www.instagram.com/p/CB-8FZsgX72/,40,7403,2020-06-28T15:14:48.000Z,tods
https://www.instagram.com/p/CB8erbEAwip/,15,2861,2020-06-27T16:19:22.000Z,tods
https://www.instagram.com/p/CB53dvagCOn/,36,5209,2020-06-26T15:58:14.000Z,tods
https://www.instagram.com/p/CB3NOlcAgny/,11,3045,2020-06-25T15:10:41.000Z,tods
https://www.instagram.com/p/CB0p2EGAuyK/,31,3878,2020-06-24T15:23:01.000Z,tods
https://www.instagram.com/p/CBx06mxAFhT/,67,10175,2020-06-23T13:02:02.000Z,tods
https://www.instagram.com/p/CBv3X1DgC-8/,37,5351,2020-06-22T18:45:01.000Z,tods
https://www.instagram.com/p/CCRDgKwpoAV/,41,9157,2020-07-05T16:05:57.000Z,maisonvalentino
https://www.instagram.com/p/CCOkve_p2fC/,54,12092,2020-07-04T16:58:41.000Z,maisonvalentino
https://www.instagram.com/p/CCL5SRTpi5y/,42,8649,2020-07-03T16:00:28.000Z,maisonvalentino
https://www.instagram.com/p/CCJVtncpH6F/,61,10229,2020-07-02T16:11:09.000Z,maisonvalentino
https://www.instagram.com/p/CCJANyTpJMd/,67,11314,2020-07-02T13:03:18.000Z,maisonvalentino
https://www.instagram.com/p/CCG5bAXpSLU/,49,9182,2020-07-01T17:25:28.000Z,maisonvalentino
https://www.instagram.com/p/CCEboRZojv8/,25,3460,2020-06-30T18:27:14.000Z,maisonvalentino
https://www.instagram.com/p/CCBv1TQIbpL/,26,3408,2020-06-29T17:26:18.000Z,maisonvalentino
https://www.instagram.com/p/CCBV94Fp_YP/,20,5005,2020-06-29T13:39:27.000Z,maisonvalentino
https://www.instagram.com/p/CB_W2XcJutk/,43,9553,2020-06-28T19:08:41.000Z,maisonvalentino
https://www.instagram.com/p/CCVxCo8n7NQ/,1,73,2020-07-07T12:00:50.000Z,viviennetam
https://www.instagram.com/p/CCOESR_npGV/,1,58,2020-07-04T12:15:04.000Z,viviennetam
https://www.instagram.com/p/CCDvVT5HiL9/,0,113,2020-06-30T11:59:35.000Z,viviennetam
https://www.instagram.com/p/CCBKkoknd8X/,0,31,2020-06-29T12:00:04.000Z,viviennetam
https://www.instagram.com/p/CB23db6nqzu/,0,63,2020-06-25T12:00:28.000Z,viviennetam
https://www.instagram.com/p/CB0SvaFH105/,2,107,2020-06-24T12:01:08.000Z,viviennetam
https://www.instagram.com/p/CB0SvaEng3i/,2,107,2020-06-24T12:01:08.000Z,viviennetam
https://www.instagram.com/p/CB0SvaFHezN/,2,107,2020-06-24T12:01:08.000Z,viviennetam
https://www.instagram.com/p/CB0SvaDndL3/,2,107,2020-06-24T12:01:08.000Z,viviennetam
https://www.instagram.com/p/CBw29MUHfg5/,0,47,2020-06-23T04:00:43.000Z,viviennetam
https://www.instagram.com/p/CCTwPk_p1mC/,6,462,2020-07-06T17:16:25.000Z,alangesoehne_newyork
https://www.instagram.com/p/CByYjiwHQfZ/,1,82,2020-06-23T18:14:47.000Z,alangesoehne_newyork
https://www.instagram.com/p/B_aDEAhHWcj/,0,71,2020-04-25T14:22:51.000Z,alangesoehne_newyork
https://www.instagram.com/p/B_ZxNC-HkHU/,2,147,2020-04-25T11:45:50.000Z,alangesoehne_newyork
https://www.instagram.com/p/B_ZwpJGnKlm/,3,137,2020-04-25T11:40:28.000Z,alangesoehne_newyork
https://www.instagram.com/p/B9rdyuGnwfY/,6,684,2020-03-13T15:40:46.000Z,alangesoehne_newyork
https://www.instagram.com/p/B9cDkZXnjSS/,12,936,2020-03-07T16:01:34.000Z,alangesoehne_newyork
https://www.instagram.com/p/B89Q8zZHvwV/,3,550,2020-02-24T17:02:52.000Z,alangesoehne_newyork
https://www.instagram.com/p/B8w1F6gnHDV/,11,800,2020-02-19T21:09:06.000Z,alangesoehne_newyork
https://www.instagram.com/p/B8hOUAgnBfp/,10,573,2020-02-13T19:41:19.000Z,alangesoehne_newyork
https://www.instagram.com/p/CCVlZMeDcVo/,0,11,2020-07-07T10:19:04.000Z,altfield_gallery
https://www.instagram.com/p/CCK0Yu5D1hz/,0,15,2020-07-03T05:58:26.000Z,altfield_gallery
https://www.instagram.com/p/CCK0Yu4jb8A/,0,15,2020-07-03T05:58:26.000Z,altfield_gallery
https://www.instagram.com/p/CCDdIN0jNP6/,0,23,2020-06-30T09:20:30.000Z,altfield_gallery
https://www.instagram.com/p/CB7jFTKjHQe/,0,19,2020-06-27T07:38:37.000Z,altfield_gallery
https://www.instagram.com/p/CBxXj_0jAqH/,0,11,2020-06-23T08:45:33.000Z,altfield_gallery
https://www.instagram.com/p/CBxXj_zjUwd/,0,11,2020-06-23T08:45:33.000Z,altfield_gallery
https://www.instagram.com/p/CBxXj_yjpnB/,0,11,2020-06-23T08:45:33.000Z,altfield_gallery
https://www.instagram.com/p/CBxXj_zDhUv/,0,11,2020-06-23T08:45:33.000Z,altfield_gallery
https://www.instagram.com/p/CBxXj_1D7Aa/,0,11,2020-06-23T08:45:33.000Z,altfield_gallery
https://www.instagram.com/p/CCUXvLlAFr7/,9,1624,2020-07-06T23:00:31.000Z,bedbathandbeyond
https://www.instagram.com/p/CCOXXYsnM_j/,22,2238,2020-07-04T15:01:50.000Z,bedbathandbeyond
https://www.instagram.com/p/CCM3KfVqTAE/,21,527,2020-07-04T01:06:10.000Z,bedbathandbeyond
https://www.instagram.com/p/CCMwUXKDH6B/,14,2578,2020-07-04T00:01:23.000Z,bedbathandbeyond
https://www.instagram.com/p/CCKFHK_HT9r/,21,1991,2020-07-02T23:05:20.000Z,bedbathandbeyond
https://www.instagram.com/p/CCBYZwAD0H_/,63,2137,2020-06-29T14:00:47.000Z,bedbathandbeyond
https://www.instagram.com/p/CB-1UeHnBYZ/,19,3010,2020-06-28T14:15:42.000Z,bedbathandbeyond
https://www.instagram.com/p/CB6W_0jHDZK/,14,583,2020-06-26T20:33:46.000Z,bedbathandbeyond
https://www.instagram.com/p/CB6W8eqH32B/,15,575,2020-06-26T20:33:19.000Z,bedbathandbeyond
https://www.instagram.com/p/CB6W4VkHMNR/,21,779,2020-06-26T20:32:45.000Z,bedbathandbeyond
https://www.instagram.com/p/CCS0Kumi5NC/,16,1107,2020-07-06T08:30:42.000Z,berluti
https://www.instagram.com/p/CCS0MlrCZC7/,16,1107,2020-07-06T08:30:42.000Z,berluti
https://www.instagram.com/p/CCQiiM5CQDN/,12,2061,2020-07-05T11:17:52.000Z,berluti
https://www.instagram.com/p/CCOAuqcinoU/,13,2169,2020-07-04T11:44:00.000Z,berluti
https://www.instagram.com/p/CCLoOY_Cv1G/,11,2006,2020-07-03T13:31:24.000Z,berluti
https://www.instagram.com/p/CCGrR8PCNx-/,10,827,2020-07-01T15:22:10.000Z,berluti
https://www.instagram.com/p/CCD_34ZirQZ/,9,1184,2020-06-30T14:24:22.000Z,berluti
https://www.instagram.com/p/CCBZ-XhisEA/,13,1238,2020-06-29T14:14:46.000Z,berluti
https://www.instagram.com/p/CB79ELSiQ7D/,7,1700,2020-06-27T11:25:40.000Z,berluti
https://www.instagram.com/p/CB79ELRiP1H/,7,1700,2020-06-27T11:25:40.000Z,berluti
https://www.instagram.com/p/CCVjP0lAJS7/,0,13,2020-07-07T10:00:21.000Z,bookazinehk
https://www.instagram.com/p/CCS8If1jR7h/,1,14,2020-07-06T09:40:02.000Z,bookazinehk
https://www.instagram.com/p/CCS8If2jbnE/,1,14,2020-07-06T09:40:02.000Z,bookazinehk
https://www.instagram.com/p/CCLQDcYDgI5/,6,56,2020-07-03T10:00:13.000Z,bookazinehk
https://www.instagram.com/p/CCIra7tDA1H/,0,22,2020-07-02T10:01:36.000Z,bookazinehk
https://www.instagram.com/p/CCIra7wj5SX/,0,22,2020-07-02T10:01:36.000Z,bookazinehk
https://www.instagram.com/p/CCIra7vDiI3/,0,22,2020-07-02T10:01:36.000Z,bookazinehk
https://www.instagram.com/p/CCIra7vjx3l/,0,22,2020-07-02T10:01:36.000Z,bookazinehk
https://www.instagram.com/p/CCIra7ujrFl/,0,22,2020-07-02T10:01:36.000Z,bookazinehk
https://www.instagram.com/p/CCDhqchDiFO/,2,23,2020-06-30T10:00:10.000Z,bookazinehk
https://www.instagram.com/p/CCWGJhFCdfx/,0,84,2020-07-07T15:05:17.000Z,carredartistes
https://www.instagram.com/p/CCNnIJAC5h2/,3,128,2020-07-04T08:00:17.000Z,carredartistes
https://www.instagram.com/p/CCLrh83iUBN/,1,136,2020-07-03T14:00:17.000Z,carredartistes
https://www.instagram.com/p/CCGh8IiC8Pm/,5,179,2020-07-01T14:00:31.000Z,carredartistes
https://www.instagram.com/p/CB-RNtYi7fx/,3,307,2020-06-28T09:00:12.000Z,carredartistes
https://www.instagram.com/p/CB5HtPtiESx/,6,706,2020-06-26T09:00:55.000Z,carredartistes
https://www.instagram.com/p/CBxSX77igNv/,1,141,2020-06-23T08:00:12.000Z,carredartistes
https://www.instagram.com/p/CBsB_7miNne/,2,139,2020-06-21T07:01:04.000Z,carredartistes
https://www.instagram.com/p/CBlN-gjCICO/,3,185,2020-06-18T15:30:54.000Z,carredartistes
https://www.instagram.com/p/CBdcOLxCenN/,2,309,2020-06-15T15:01:41.000Z,carredartistes
https://www.instagram.com/p/CCWMW8tHHSi/,82,12236,2020-07-07T15:59:33.000Z,cartier
https://www.instagram.com/p/CCWMW8sHkb4/,82,12236,2020-07-07T15:59:33.000Z,cartier
https://www.instagram.com/p/CCWMW8tn2TY/,82,12236,2020-07-07T15:59:33.000Z,cartier
https://www.instagram.com/p/CCToda2I2cj/,140,26483,2020-07-06T16:08:52.000Z,cartier
https://www.instagram.com/p/CCTooXenW3V/,140,26483,2020-07-06T16:08:52.000Z,cartier
https://www.instagram.com/p/CCTooXdn2Md/,140,26483,2020-07-06T16:08:52.000Z,cartier
https://www.instagram.com/p/CCEK2dJjyRV/,691,42761,2020-06-30T16:00:10.000Z,cartier
https://www.instagram.com/p/CCD2QVXD2Kp/,377,11948,2020-06-30T13:00:11.000Z,cartier
https://www.instagram.com/p/CCBH_zcoQpp/,389,15515,2020-06-29T11:54:19.000Z,cartier
https://www.instagram.com/p/CB53QC5nJnm/,294,44494,2020-06-26T15:56:22.000Z,cartier
https://www.instagram.com/p/CCV-VOVFomc/,53,366,2020-07-07T13:56:58.000Z,yourroyalthighness_
https://www.instagram.com/p/CCTv_eAFSdO/,12,1111,2020-07-06T17:13:11.000Z,yourroyalthighness_
https://www.instagram.com/p/CCQeqWSlVE6/,30,1644,2020-07-05T10:44:02.000Z,yourroyalthighness_
https://www.instagram.com/p/CCQeqWSFXFl/,30,1644,2020-07-05T10:44:02.000Z,yourroyalthighness_
https://www.instagram.com/p/CCNuJBrlSRP/,14,1335,2020-07-04T09:01:34.000Z,yourroyalthighness_
https://www.instagram.com/p/CCIhY9RlNUt/,16,1165,2020-07-02T08:33:57.000Z,yourroyalthighness_
https://www.instagram.com/p/CCG3xSLlCBV/,7,990,2020-07-01T17:11:02.000Z,yourroyalthighness_
https://www.instagram.com/p/CCEJwZDFqB-/,22,1060,2020-06-30T15:50:28.000Z,yourroyalthighness_
https://www.instagram.com/p/CCBnRlhFQRJ/,11,1001,2020-06-29T16:10:41.000Z,yourroyalthighness_
https://www.instagram.com/p/CCBnRliFk38/,11,1001,2020-06-29T16:10:41.000Z,yourroyalthighness_
https://www.instagram.com/p/CCVw8aqDlFm/,3,939,2020-07-07T12:03:33.000Z,chopard
https://www.instagram.com/p/CCVxWgZjuYc/,3,939,2020-07-07T12:03:33.000Z,chopard
https://www.instagram.com/p/CCVxWgfDXJ3/,3,939,2020-07-07T12:03:33.000Z,chopard
https://www.instagram.com/p/CCVjuQyDBQ2/,6,1511,2020-07-07T10:04:28.000Z,chopard
https://www.instagram.com/p/CCVVKgpjr5k/,14,1345,2020-07-07T08:09:18.000Z,chopard
https://www.instagram.com/p/CCVWiuLDUvg/,14,1345,2020-07-07T08:09:18.000Z,chopard
https://www.instagram.com/p/CCVWiuMDCwg/,14,1345,2020-07-07T08:09:18.000Z,chopard
https://www.instagram.com/p/CCUA2pSDC8l/,16,4713,2020-07-06T19:40:32.000Z,chopard
https://www.instagram.com/p/CCTfFkHj_lJ/,32,5374,2020-07-06T14:45:28.000Z,chopard
https://www.instagram.com/p/CCS2gyODqA8/,42,7268,2020-07-06T08:50:55.000Z,chopard
https://www.instagram.com/p/CCWG5pKBTR2/,2,507,2020-07-07T15:11:51.000Z,christofle
https://www.instagram.com/p/CCWG5pJhVaG/,2,507,2020-07-07T15:11:51.000Z,christofle
https://www.instagram.com/p/CCLyx16h92W/,7,1628,2020-07-03T15:03:37.000Z,christofle
https://www.instagram.com/p/CCJM9rTBV17/,8,972,2020-07-02T14:54:42.000Z,christofle
https://www.instagram.com/p/CCJM9rYBMiM/,8,972,2020-07-02T14:54:42.000Z,christofle
https://www.instagram.com/p/CCJM9rUB9rf/,8,972,2020-07-02T14:54:42.000Z,christofle
https://www.instagram.com/p/CCGry1YBNiM/,10,769,2020-07-01T15:26:23.000Z,christofle
https://www.instagram.com/p/CCGry1XhOSI/,10,769,2020-07-01T15:26:23.000Z,christofle
https://www.instagram.com/p/CCGry1ZBgEO/,10,769,2020-07-01T15:26:23.000Z,christofle
https://www.instagram.com/p/CCEE0ZgBxZ1/,22,2169,2020-06-30T15:07:20.000Z,christofle
https://www.instagram.com/p/CCM2SXnH1dp/,146,14996,2020-07-04T00:53:36.000Z,chromeheartsofficial
https://www.instagram.com/p/CCM2QiPnEPm/,338,28203,2020-07-04T00:53:16.000Z,chromeheartsofficial
https://www.instagram.com/p/CCM2EVLHFFd/,49,4970,2020-07-04T00:52:38.000Z,chromeheartsofficial
https://www.instagram.com/p/CCJpXHhHw8S/,25,7394,2020-07-02T19:02:51.000Z,chromeheartsofficial
https://www.instagram.com/p/CCElcheHIEI/,125,18683,2020-06-30T19:53:09.000Z,chromeheartsofficial
https://www.instagram.com/p/CCCiHI9HoWb/,91,14238,2020-06-30T00:44:49.000Z,chromeheartsofficial
https://www.instagram.com/p/CA3q4w7nGfT/,326,17234,2020-05-31T22:58:27.000Z,chromeheartsofficial
https://www.instagram.com/p/CA3q4w8Hxp9/,326,17234,2020-05-31T22:58:27.000Z,chromeheartsofficial
https://www.instagram.com/p/CA3q4w6HAwQ/,326,17234,2020-05-31T22:58:27.000Z,chromeheartsofficial
https://www.instagram.com/p/CA3q4w8nMqO/,326,17234,2020-05-31T22:58:27.000Z,chromeheartsofficial
https://www.instagram.com/p/CCUtqo3pgp0/,0,7,2020-07-07T02:12:06.000Z,commonroom_official
https://www.instagram.com/p/CCUtn63JWsW/,0,12,2020-07-07T02:11:44.000Z,commonroom_official
https://www.instagram.com/p/CCUtlcfp2xP/,0,6,2020-07-07T02:11:24.000Z,commonroom_official
https://www.instagram.com/p/CCUtiZ_p50g/,0,7,2020-07-07T02:10:59.000Z,commonroom_official
https://www.instagram.com/p/CCUtflRpRJ5/,0,5,2020-07-07T02:10:36.000Z,commonroom_official
https://www.instagram.com/p/CCUtaTFpIw2/,0,7,2020-07-07T02:09:52.000Z,commonroom_official
https://www.instagram.com/p/CBut32Fp3av/,0,8,2020-06-22T08:02:46.000Z,commonroom_official
https://www.instagram.com/p/CBut0cvJl29/,1,10,2020-06-22T08:02:18.000Z,commonroom_official
https://www.instagram.com/p/CButxGcJHt0/,1,7,2020-06-22T08:01:51.000Z,commonroom_official
https://www.instagram.com/p/CBjtEUNpoPm/,0,7,2020-06-18T01:24:05.000Z,commonroom_official
https://www.instagram.com/p/CCG1oGxKxFH/,0,13,2020-07-01T16:52:18.000Z,cova.sn
https://www.instagram.com/p/CCG1mv8KT3b/,0,13,2020-07-01T16:52:07.000Z,cova.sn
https://www.instagram.com/p/CCG1krSKTQx/,0,29,2020-07-01T16:51:51.000Z,cova.sn
https://www.instagram.com/p/CCG1krOqwlC/,0,29,2020-07-01T16:51:51.000Z,cova.sn
https://www.instagram.com/p/CCG1krPqVbt/,0,29,2020-07-01T16:51:51.000Z,cova.sn
https://www.instagram.com/p/CCGtDEWKnKF/,0,18,2020-07-01T15:37:20.000Z,cova.sn
https://www.instagram.com/p/CCGtCCFqLI8/,0,14,2020-07-01T15:37:12.000Z,cova.sn
https://www.instagram.com/p/CCGs_5nKO0w/,0,29,2020-07-01T15:36:56.000Z,cova.sn
https://www.instagram.com/p/CCGs_5fq7lg/,0,29,2020-07-01T15:36:56.000Z,cova.sn
https://www.instagram.com/p/CB9OQkSqlW2/,0,10,2020-06-27T23:15:08.000Z,cova.sn
https://www.instagram.com/p/CCTQgwXq5ff/,4,1281,2020-07-06T12:38:07.000Z,damianiofficial
https://www.instagram.com/p/CCLIcLSpj9K/,7,1270,2020-07-03T08:53:39.000Z,damianiofficial
https://www.instagram.com/p/CB5oTgspFDe/,1,445,2020-06-26T13:47:16.000Z,damianiofficial
https://www.instagram.com/p/CB5oeeKJhbC/,1,445,2020-06-26T13:47:16.000Z,damianiofficial
https://www.instagram.com/p/CBvN5P_JETG/,19,3791,2020-06-22T12:42:35.000Z,damianiofficial
https://www.instagram.com/p/CBS0txlK7GE/,31,2037,2020-06-11T12:03:51.000Z,damianiofficial
https://www.instagram.com/p/CBS0o3VpvZS/,31,2037,2020-06-11T12:03:51.000Z,damianiofficial
https://www.instagram.com/p/CBKm5YPJmrX/,16,1591,2020-06-08T07:29:09.000Z,damianiofficial
https://www.instagram.com/p/CBFe-VFpO_V/,14,2575,2020-06-06T07:43:44.000Z,damianiofficial
https://www.instagram.com/p/CBFe-VGp6LL/,14,2575,2020-06-06T07:43:44.000Z,damianiofficial
https://www.instagram.com/p/CCTt7rYg6kw/,49,11318,2020-07-06T16:55:12.000Z,hermes
https://www.instagram.com/p/CCThtvoA8ui/,63,15682,2020-07-06T15:08:26.000Z,hermes
https://www.instagram.com/p/CCTTybwgBvf/,36,11994,2020-07-06T13:06:44.000Z,hermes
https://www.instagram.com/p/CCRjLyiAUgE/,102,21046,2020-07-05T20:42:47.000Z,hermes
https://www.instagram.com/p/CCRcRTkAQG_/,28,9897,2020-07-05T19:42:23.000Z,hermes
https://www.instagram.com/p/CCRV0_nA2Vg/,24,10487,2020-07-05T18:46:05.000Z,hermes
https://www.instagram.com/p/CCROxMDg4bW/,46,13798,2020-07-05T17:44:24.000Z,hermes
https://www.instagram.com/p/CCRIbJXAsJR/,116,19400,2020-07-05T16:48:57.000Z,hermes
https://www.instagram.com/p/CCRBThODPC8/,235,13807,2020-07-05T15:50:19.000Z,hermes
https://www.instagram.com/p/CCQaPVaA87B/,59,12265,2020-07-05T10:05:23.000Z,hermes
https://www.instagram.com/p/CCFdyZOF6Nt/,0,8,2020-07-01T04:04:45.000Z,ideal__tailors
https://www.instagram.com/p/CCFduxQlFzC/,0,928,2020-07-01T04:04:15.000Z,ideal__tailors
https://www.instagram.com/p/CCFdlk3Fltv/,0,10,2020-07-01T04:03:00.000Z,ideal__tailors
https://www.instagram.com/p/CBz-1lUFH3z/,0,9,2020-06-24T09:07:13.000Z,ideal__tailors
https://www.instagram.com/p/CBz-vsZl7BX/,0,8,2020-06-24T09:06:24.000Z,ideal__tailors
https://www.instagram.com/p/CBz-tFUlDzI/,0,10,2020-06-24T09:06:03.000Z,ideal__tailors
https://www.instagram.com/p/CBVNyTVFDIG/,0,9,2020-06-12T10:21:23.000Z,ideal__tailors
https://www.instagram.com/p/CBVNm0ylCs0/,0,9,2020-06-12T10:19:49.000Z,ideal__tailors
https://www.instagram.com/p/CBVNPf6FwVN/,0,8,2020-06-12T10:16:38.000Z,ideal__tailors
https://www.instagram.com/p/CBKt0xYArP7/,2,14,2020-06-08T08:29:53.000Z,ideal__tailors
https://www.instagram.com/p/CCVpgCwHmXH/,0,383,2020-07-07T10:54:57.000Z,kikki.k
https://www.instagram.com/p/CCVNXnGgjct/,9,1280,2020-07-07T06:49:08.000Z,kikki.k
https://www.instagram.com/p/CCS-gXChP8I/,0,185,2020-07-06T10:00:51.000Z,kikki.k
https://www.instagram.com/p/CCSwxMzAeE4/,0,471,2020-07-06T08:00:44.000Z,kikki.k
https://www.instagram.com/p/CCSm6W_AXpl/,11,2640,2020-07-06T06:34:36.000Z,kikki.k
https://www.instagram.com/p/CCQBtAbhekZ/,2,923,2020-07-05T06:30:59.000Z,kikki.k
https://www.instagram.com/p/CCPYgbFBk1n/,0,778,2020-07-05T00:31:00.000Z,kikki.k
https://www.instagram.com/p/CCNLsrOhi_p/,21,555,2020-07-04T04:00:40.000Z,kikki.k
https://www.instagram.com/p/CCMpctEhDUU/,4,841,2020-07-03T23:01:20.000Z,kikki.k
https://www.instagram.com/p/CCLKS_EFZib/,1,514,2020-07-03T09:09:53.000Z,kikki.k
https://www.instagram.com/p/CCUIr_FlSo4/,24,1293,2020-07-06T20:49:00.000Z,samuelandsons
https://www.instagram.com/p/CCSFMI7H5tm/,6,645,2020-07-06T01:39:56.000Z,samuelandsons
https://www.instagram.com/p/CCO40N3nubU/,11,958,2020-07-04T19:54:05.000Z,samuelandsons
https://www.instagram.com/p/CCLdQzHnGdX/,20,1545,2020-07-03T11:55:36.000Z,samuelandsons
https://www.instagram.com/p/CCKOAhQH5R6/,4,510,2020-07-03T00:23:04.000Z,samuelandsons
https://www.instagram.com/p/CCHOECVFpyL/,7,263,2020-07-01T20:25:51.000Z,samuelandsons
https://www.instagram.com/p/CCEpZmPF3Vh/,13,932,2020-06-30T20:27:00.000Z,samuelandsons
https://www.instagram.com/p/CCCb5WXnthw/,17,1353,2020-06-29T23:50:30.000Z,samuelandsons
https://www.instagram.com/p/CCCb5WWnKwd/,17,1353,2020-06-29T23:50:30.000Z,samuelandsons
https://www.instagram.com/p/CB-fgDYjjzi/,13,970,2020-06-28T11:05:04.000Z,samuelandsons
https://www.instagram.com/p/CCKOjJ3lPSU/,16,718,2020-07-03T00:29:54.000Z,alenm_femmecoiffure
https://www.instagram.com/p/CCG8MgPFJtr/,9,348,2020-07-01T17:51:56.000Z,alenm_femmecoiffure
https://www.instagram.com/p/CB8rA7HlkYJ/,17,591,2020-06-27T18:08:46.000Z,alenm_femmecoiffure
https://www.instagram.com/p/CB3vdE1lotM/,8,328,2020-06-25T20:11:43.000Z,alenm_femmecoiffure
https://www.instagram.com/p/CB2C3PXFEu_/,3,224,2020-06-25T04:20:52.000Z,alenm_femmecoiffure
https://www.instagram.com/p/CBzV2B2F58Z/,6,121,2020-06-24T03:11:51.000Z,alenm_femmecoiffure
https://www.instagram.com/p/CBqwfDtleu1/,15,310,2020-06-20T19:17:57.000Z,alenm_femmecoiffure
https://www.instagram.com/p/CBUn0VHnFiT/,15,425,2020-06-12T04:54:08.000Z,alenm_femmecoiffure
https://www.instagram.com/p/CBQ883cFsSn/,4,220,2020-06-10T18:37:19.000Z,alenm_femmecoiffure
https://www.instagram.com/p/CBPRFWRlHVy/,3,253,2020-06-10T02:54:45.000Z,alenm_femmecoiffure
https://www.instagram.com/p/CCRXfO3H3Sr/,4,144,2020-07-05T19:01:20.000Z,oliversapparel
https://www.instagram.com/p/CCG59vJHPJi/,1,112,2020-07-01T17:30:23.000Z,oliversapparel
https://www.instagram.com/p/CB_V7ZPHuVq/,1,102,2020-06-28T19:01:12.000Z,oliversapparel
https://www.instagram.com/p/CB6MWusngwO/,10,281,2020-06-26T19:01:25.000Z,oliversapparel
https://www.instagram.com/p/CBjCrOQgpuQ/,7,103,2020-06-17T19:13:40.000Z,oliversapparel
https://www.instagram.com/p/CBjCrOSAkbL/,7,103,2020-06-17T19:13:40.000Z,oliversapparel
https://www.instagram.com/p/CBjCrOSAKOi/,7,103,2020-06-17T19:13:40.000Z,oliversapparel
https://www.instagram.com/p/CBjCrORgBNr/,7,103,2020-06-17T19:13:40.000Z,oliversapparel
https://www.instagram.com/p/CBbezHpgG2u/,2,137,2020-06-14T20:45:29.000Z,oliversapparel
https://www.instagram.com/p/CBbezHqgxcA/,2,137,2020-06-14T20:45:29.000Z,oliversapparel
https://www.instagram.com/p/CCTixSPKJ3d/,46,10858,2020-07-06T15:18:24.000Z,panerai
https://www.instagram.com/p/CCTi2oZKPUs/,46,10858,2020-07-06T15:18:24.000Z,panerai
https://www.instagram.com/p/CCMDh3xKzqm/,50,12518,2020-07-03T17:31:23.000Z,panerai
https://www.instagram.com/p/CCMDsDVKyLr/,50,12518,2020-07-03T17:31:23.000Z,panerai
https://www.instagram.com/p/CCJarhyqR8w/,24,8122,2020-07-02T16:55:33.000Z,panerai
https://www.instagram.com/p/CCJaytxKiiR/,24,8122,2020-07-02T16:55:33.000Z,panerai
https://www.instagram.com/p/CCELKoZKGFG/,36,8342,2020-06-30T16:02:49.000Z,panerai
https://www.instagram.com/p/CCELKoXq3Im/,36,8342,2020-06-30T16:02:49.000Z,panerai
https://www.instagram.com/p/CCELKoZqBRn/,36,8342,2020-06-30T16:02:49.000Z,panerai
https://www.instagram.com/p/CCELKobKgmh/,36,8342,2020-06-30T16:02:49.000Z,panerai
https://www.instagram.com/p/CCTqfjEB9NF/,10,775,2020-07-06T16:25:08.000Z,petitbateau
https://www.instagram.com/p/CCQGLj4BZut/,6,1444,2020-07-05T07:10:07.000Z,petitbateau
https://www.instagram.com/p/CCOsdgnBaPt/,23,959,2020-07-04T18:06:08.000Z,petitbateau
https://www.instagram.com/p/CCN3d-vBa6x/,15,557,2020-07-04T10:23:09.000Z,petitbateau
https://www.instagram.com/p/CCL_avMhCL8/,2,445,2020-07-03T16:54:11.000Z,petitbateau
https://www.instagram.com/p/CCK_c9mhPlx/,17,1572,2020-07-03T07:35:07.000Z,petitbateau
https://www.instagram.com/p/CCJZmwXBfD1/,10,850,2020-07-02T16:45:10.000Z,petitbateau
https://www.instagram.com/p/CCFvHGqhj_L/,27,628,2020-07-01T06:36:07.000Z,petitbateau
https://www.instagram.com/p/CCDQgiVhL8t/,12,1325,2020-06-30T07:30:14.000Z,petitbateau
https://www.instagram.com/p/CCDQgiWBJp4/,12,1325,2020-06-30T07:30:14.000Z,petitbateau
https://www.instagram.com/p/CCQ7ROoo_Zu/,6,188,2020-07-05T14:54:02.000Z,ralphlauren___z
https://www.instagram.com/p/CCQ7NoVonOa/,6,188,2020-07-05T14:54:02.000Z,ralphlauren___z
https://www.instagram.com/p/CCQ7ROqIfQ-/,6,188,2020-07-05T14:54:02.000Z,ralphlauren___z
https://www.instagram.com/p/CCQ7ROqIXij/,6,188,2020-07-05T14:54:02.000Z,ralphlauren___z
https://www.instagram.com/p/CCQ7ROrI___/,6,188,2020-07-05T14:54:02.000Z,ralphlauren___z
https://www.instagram.com/p/CCQ7ROpo-li/,6,188,2020-07-05T14:54:02.000Z,ralphlauren___z
https://www.instagram.com/p/CCQ7ROqo0JA/,6,188,2020-07-05T14:54:02.000Z,ralphlauren___z
https://www.instagram.com/p/CCJ-0Wioflo/,13,189,2020-07-02T22:12:07.000Z,ralphlauren___z
https://www.instagram.com/p/CCEYWynId-F/,12,157,2020-06-30T17:58:03.000Z,ralphlauren___z
https://www.instagram.com/p/CCEJMQrIJxH/,0,85,2020-06-30T15:45:32.000Z,ralphlauren___z
https://www.instagram.com/p/CCWM4PLncp9/,2,106,2020-07-07T16:04:05.000Z,mytownhouseuk
https://www.instagram.com/p/CCTTqR4HhZR/,1,30,2020-07-06T13:05:37.000Z,mytownhouseuk
https://www.instagram.com/p/CCRLK-1HyYU/,4,257,2020-07-05T17:12:58.000Z,mytownhouseuk
https://www.instagram.com/p/CCOeWhdnRgb/,0,44,2020-07-04T16:02:51.000Z,mytownhouseuk
https://www.instagram.com/p/CCMAkWqHjZN/,4,200,2020-07-03T17:04:06.000Z,mytownhouseuk
https://www.instagram.com/p/CCIyduinWad/,0,31,2020-07-02T11:03:09.000Z,mytownhouseuk
https://www.instagram.com/p/CCGyAWeH6Ri/,2,72,2020-07-01T16:20:39.000Z,mytownhouseuk
https://www.instagram.com/p/CCERVOxHAGU/,0,47,2020-06-30T16:56:40.000Z,mytownhouseuk
https://www.instagram.com/p/CCBusrPn5wE/,1,105,2020-06-29T17:15:33.000Z,mytownhouseuk
https://www.instagram.com/p/CB_C8yEHDBE/,0,72,2020-06-28T16:14:48.000Z,mytownhouseuk
https://www.instagram.com/p/CCWN_GUCRy4/,21,2668,2020-07-07T16:14:12.000Z,vancleefarpels
https://www.instagram.com/p/CCWOCVgFKAf/,21,2668,2020-07-07T16:14:12.000Z,vancleefarpels
https://www.instagram.com/p/CCWOCVelr-v/,21,2668,2020-07-07T16:14:12.000Z,vancleefarpels
https://www.instagram.com/p/CCWOCVglxj0/,21,2668,2020-07-07T16:14:12.000Z,vancleefarpels
https://www.instagram.com/p/CCWOCVflTyV/,21,2668,2020-07-07T16:14:12.000Z,vancleefarpels
https://www.instagram.com/p/CCToyO7CuO9/,21,3861,2020-07-06T16:10:56.000Z,vancleefarpels
https://www.instagram.com/p/CCL1XB7FGws/,56,7360,2020-07-03T15:26:10.000Z,vancleefarpels
https://www.instagram.com/p/CCL1XB8lIaS/,56,7360,2020-07-03T15:26:10.000Z,vancleefarpels
https://www.instagram.com/p/CCL1XB7lcHI/,56,7360,2020-07-03T15:26:10.000Z,vancleefarpels
https://www.instagram.com/p/CCJUjikC72I/,42,2521,2020-07-02T16:01:36.000Z,vancleefarpels
https://www.instagram.com/p/CBHuWgyjriR/,0,15,2020-06-07T04:36:35.000Z,waikeejewellers
https://www.instagram.com/p/B7oF_8gjCt_/,0,15,2020-01-22T15:10:32.000Z,waikeejewellers
https://www.instagram.com/p/B6zezIXjRAM/,6,47,2020-01-02T04:47:30.000Z,waikeejewellers
https://www.instagram.com/p/B6zezIYjPuS/,6,47,2020-01-02T04:47:30.000Z,waikeejewellers
https://www.instagram.com/p/B6zezIXDigD/,6,47,2020-01-02T04:47:30.000Z,waikeejewellers
https://www.instagram.com/p/B6zezIYDDkl/,6,47,2020-01-02T04:47:30.000Z,waikeejewellers
https://www.instagram.com/p/B6aJb09jWBV/,0,20,2019-12-23T08:39:48.000Z,waikeejewellers
https://www.instagram.com/p/B6KKPHqDiRc/,5,36,2019-12-17T03:42:15.000Z,waikeejewellers
https://www.instagram.com/p/B5uGd-FD-kf/,0,16,2019-12-06T06:07:48.000Z,waikeejewellers
https://www.instagram.com/p/B5MxMxDjCua/,0,24,2019-11-23T07:26:31.000Z,waikeejewellers
https://www.instagram.com/p/CCTvVu6gp3U/,41,19227,2020-07-06T17:07:29.000Z,burberry
https://www.instagram.com/p/CCTl5N-gR9y/,49,27435,2020-07-06T15:44:57.000Z,burberry
https://www.instagram.com/p/CCTGUG4AVJE/,71,15060,2020-07-06T11:09:37.000Z,burberry
https://www.instagram.com/p/CCS1mL9gieh/,110,54262,2020-07-06T08:42:55.000Z,burberry
https://www.instagram.com/p/CCOJV68gS1A/,79,16093,2020-07-04T12:59:27.000Z,burberry
https://www.instagram.com/p/CCN8ja6AGLI/,75,39515,2020-07-04T11:07:31.000Z,burberry
https://www.instagram.com/p/CCNnNTYgvO7/,129,27246,2020-07-04T08:01:10.000Z,burberry
https://www.instagram.com/p/CCLkJt_AErP/,235,84394,2020-07-03T12:55:48.000Z,burberry
https://www.instagram.com/p/CCLUM9pAd7P/,121,41313,2020-07-03T10:36:26.000Z,burberry
https://www.instagram.com/p/CCLBe3VA5xb/,160,46188,2020-07-03T07:52:51.000Z,burberry
https://www.instagram.com/p/CCWMbdUIoe1/,45,4660,2020-07-07T16:00:29.000Z,dolcegabbana
https://www.instagram.com/p/CCV5OssI0OE/,138,11934,2020-07-07T13:12:38.000Z,dolcegabbana
https://www.instagram.com/p/CCVjx-5qiIR/,384,23141,2020-07-07T10:06:22.000Z,dolcegabbana
https://www.instagram.com/p/CCUJzSLnMaz/,386,27383,2020-07-06T20:59:06.000Z,dolcegabbana
https://www.instagram.com/p/CCT8hsUjxXz/,119,12719,2020-07-06T19:04:04.000Z,dolcegabbana
https://www.instagram.com/p/CCTxBDyquMS/,1107,69067,2020-07-06T17:22:29.000Z,dolcegabbana
https://www.instagram.com/p/CCRQke-o4ME/,111,16814,2020-07-05T18:00:22.000Z,dolcegabbana
https://www.instagram.com/p/CCREcCcDc-5/,118,21982,2020-07-05T16:14:33.000Z,dolcegabbana
https://www.instagram.com/p/CCQ1LWsIMdB/,104,18381,2020-07-05T14:01:02.000Z,dolcegabbana
https://www.instagram.com/p/CCQncuJooCS/,156,19268,2020-07-05T12:01:03.000Z,dolcegabbana
https://www.instagram.com/p/B37DJD2FUm7/,0,954,2019-10-22T13:45:34.000Z,saintlaurent.gallery
https://www.instagram.com/p/Bt4e1ClFFXs/,7,908,2019-02-15T00:35:50.000Z,saintlaurent.gallery
https://www.instagram.com/p/Bp1umr1FN4A/,3,849,2018-11-06T12:50:23.000Z,saintlaurent.gallery
https://www.instagram.com/p/Bncc6HHBbJD/,1,610,2018-09-08T00:11:57.000Z,saintlaurent.gallery
https://www.instagram.com/p/BnWV6iKBA9N/,4,899,2018-09-05T15:15:24.000Z,saintlaurent.gallery
https://www.instagram.com/p/BnCpJOxh5DO/,7,1581,2018-08-28T23:38:37.000Z,saintlaurent.gallery
https://www.instagram.com/p/BnCopL0BN34/,0,480,2018-08-28T23:34:15.000Z,saintlaurent.gallery
https://www.instagram.com/p/BmbAhYhhdlb/,5,1267,2018-08-13T14:13:16.000Z,saintlaurent.gallery
https://www.instagram.com/p/BkwgDHTnHw_/,2,587,2018-07-03T05:30:01.000Z,saintlaurent.gallery
https://www.instagram.com/p/BkQJyGNBq5w/,5,1265,2018-06-20T15:59:46.000Z,saintlaurent.gallery
https://www.instagram.com/p/CCTiOuTMgJV/,143,13627,2020-07-06T15:12:56.000Z,giorgioarmani
https://www.instagram.com/p/CCTiOuTsQur/,143,13627,2020-07-06T15:12:56.000Z,giorgioarmani
https://www.instagram.com/p/CCTiOuSsS9B/,143,13627,2020-07-06T15:12:56.000Z,giorgioarmani
https://www.instagram.com/p/CCTiOuUMXun/,143,13627,2020-07-06T15:12:56.000Z,giorgioarmani
https://www.instagram.com/p/CCTiOuUsDOu/,143,13627,2020-07-06T15:12:56.000Z,giorgioarmani
https://www.instagram.com/p/CCTiDFus0Zf/,364,25602,2020-07-06T15:11:21.000Z,giorgioarmani
https://www.instagram.com/p/CCTiDFuMzTj/,364,25602,2020-07-06T15:11:21.000Z,giorgioarmani
https://www.instagram.com/p/CCTiDFvsB79/,364,25602,2020-07-06T15:11:21.000Z,giorgioarmani
https://www.instagram.com/p/CCTiDFvMEI0/,364,25602,2020-07-06T15:11:21.000Z,giorgioarmani
https://www.instagram.com/p/CCThuREsefW/,51,7547,2020-07-06T15:08:31.000Z,giorgioarmani
https://www.instagram.com/p/CCVngnSJvE1/,28,826,2020-07-07T10:37:56.000Z,ea7.track
https://www.instagram.com/p/CCTzlBap6vY/,23,1462,2020-07-06T17:44:41.000Z,ea7.track
https://www.instagram.com/p/CCQchjZp7Q4/,15,2495,2020-07-05T10:25:41.000Z,ea7.track
https://www.instagram.com/p/CCOpN0hJiGz/,14,1021,2020-07-04T17:37:56.000Z,ea7.track
https://www.instagram.com/p/CCLq6WYplYz/,56,1862,2020-07-03T13:55:09.000Z,ea7.track
https://www.instagram.com/p/CCLq7o-pXrH/,56,1862,2020-07-03T13:55:09.000Z,ea7.track
https://www.instagram.com/p/CCI0JN-pup2/,26,1546,2020-07-02T11:18:11.000Z,ea7.track
https://www.instagram.com/p/CCAop0AJ31J/,62,3584,2020-06-29T07:05:50.000Z,ea7.track
https://www.instagram.com/p/CCAov0CJH08/,62,3584,2020-06-29T07:05:50.000Z,ea7.track
https://www.instagram.com/p/CCAo052JbJ3/,62,3584,2020-06-29T07:05:50.000Z,ea7.track
https://www.instagram.com/p/CCTkKx5nMbF/,81,24093,2020-07-06T15:29:52.000Z,emporioarmani
https://www.instagram.com/p/CCRCgchHxnB/,121,49909,2020-07-05T15:57:15.000Z,emporioarmani
https://www.instagram.com/p/CCOavQoHhL3/,57,9098,2020-07-04T15:31:51.000Z,emporioarmani
https://www.instagram.com/p/CCL1cRXnKlT/,146,42917,2020-07-03T15:26:53.000Z,emporioarmani
https://www.instagram.com/p/CCJKyK8nOP-/,76,14116,2020-07-02T14:35:39.000Z,emporioarmani
https://www.instagram.com/p/CCGrJOWnq3x/,167,25959,2020-07-01T15:20:42.000Z,emporioarmani
https://www.instagram.com/p/CCEJORGnpgS/,97,18919,2020-06-30T15:45:49.000Z,emporioarmani
https://www.instagram.com/p/CCBf_PNHt3b/,78,15218,2020-06-29T15:07:01.000Z,emporioarmani
https://www.instagram.com/p/CB_Ew6Onp2_/,64,14599,2020-06-28T16:30:39.000Z,emporioarmani
https://www.instagram.com/p/CB8ZUlunFU8/,109,21272,2020-06-27T15:32:34.000Z,emporioarmani
https://www.instagram.com/p/B6b_OYxji5z/,3,41,2019-12-24T01:49:04.000Z,kimrobinsonincrediblebeauty
https://www.instagram.com/p/B5n2cLtjBfi/,1,39,2019-12-03T19:51:48.000Z,kimrobinsonincrediblebeauty
https://www.instagram.com/p/B5JieopjvHJ/,2,29,2019-11-22T01:20:09.000Z,kimrobinsonincrediblebeauty
https://www.instagram.com/p/B49P91ADIxJ/,0,29,2019-11-17T06:47:30.000Z,kimrobinsonincrediblebeauty
https://www.instagram.com/p/B42u_SxDYFH/,0,58,2019-11-14T18:03:54.000Z,kimrobinsonincrediblebeauty
https://www.instagram.com/p/B3oWFJiDhWG/,1,29,2019-10-15T07:26:20.000Z,kimrobinsonincrediblebeauty
https://www.instagram.com/p/B3oTX9fDHOP/,1,43,2019-10-15T07:02:28.000Z,kimrobinsonincrediblebeauty
https://www.instagram.com/p/BxsysFejc23/,0,49,2019-05-20T21:44:04.000Z,kimrobinsonincrediblebeauty
https://www.instagram.com/p/BxHNWi0Hus1/,0,35,2019-05-06T07:25:55.000Z,kimrobinsonincrediblebeauty
https://www.instagram.com/p/BxHFB4iHu3Q/,1,32,2019-05-06T06:13:11.000Z,kimrobinsonincrediblebeauty
https://www.instagram.com/p/CByJTkgIueB/,26,1605,2020-06-23T16:00:36.000Z,paulekaofficiel
https://www.instagram.com/p/CBpxudDJWC-/,8,1412,2020-06-20T10:00:36.000Z,paulekaofficiel
https://www.instagram.com/p/CBm4mIJDXdE/,19,1341,2020-06-19T07:02:33.000Z,paulekaofficiel
https://www.instagram.com/p/CBfetrlFX1l/,4,250,2020-06-16T10:01:54.000Z,paulekaofficiel
https://www.instagram.com/p/CBXzA7NFK2G/,7,352,2020-06-13T10:25:28.000Z,paulekaofficiel
https://www.instagram.com/p/CBQhipZFyDY/,16,264,2020-06-10T14:39:46.000Z,paulekaofficiel
https://www.instagram.com/p/CA-MCQrjqJ0/,4,843,2020-06-03T11:43:33.000Z,paulekaofficiel
https://www.instagram.com/p/CA3R-0FjnWu/,9,1166,2020-05-31T19:20:49.000Z,paulekaofficiel
https://www.instagram.com/p/CAzS-Uyj-tQ/,7,1051,2020-05-30T06:12:32.000Z,paulekaofficiel
https://www.instagram.com/p/CAlMbHgD5JJ/,10,1243,2020-05-24T18:45:56.000Z,paulekaofficiel
https://www.instagram.com/p/CCWMagio5E7/,0,299,2020-07-07T16:00:02.000Z,yellowkorner_official
https://www.instagram.com/p/CCTnteBI5XF/,13,1936,2020-07-06T16:00:49.000Z,yellowkorner_official
https://www.instagram.com/p/CCRC6CeIwDd/,0,376,2020-07-05T16:00:45.000Z,yellowkorner_official
https://www.instagram.com/p/CCOeHL7IaD1/,3,1474,2020-07-04T16:00:45.000Z,yellowkorner_official
https://www.instagram.com/p/CCL5UdbIjii/,0,166,2020-07-03T16:00:46.000Z,yellowkorner_official
https://www.instagram.com/p/CCJUhjJoaZk/,1,300,2020-07-02T16:00:46.000Z,yellowkorner_official
https://www.instagram.com/p/CCGqWqbInrw/,3,674,2020-07-01T15:13:48.000Z,yellowkorner_official
https://www.instagram.com/p/CCEai0bhP12/,0,721,2020-06-30T18:17:10.000Z,yellowkorner_official
https://www.instagram.com/p/CCBsMNKnNKz/,1,459,2020-06-29T16:53:40.000Z,yellowkorner_official
https://www.instagram.com/p/CB_GRuBh8d8/,6,1042,2020-06-28T16:43:52.000Z,yellowkorner_official
https://www.instagram.com/p/Bs_ltxtgUJI/,348,22468,2019-01-23T22:19:44.000Z,cw_reign
https://www.instagram.com/p/BVsg4zUF8lt/,1253,20588,2017-06-23T20:29:29.000Z,cw_reign
https://www.instagram.com/p/BVpo70NlOyK/,293,18483,2017-06-22T17:42:05.000Z,cw_reign
https://www.instagram.com/p/BVnKKVWFoWZ/,56,11412,2017-06-21T18:34:42.000Z,cw_reign
https://www.instagram.com/p/BVkm9KPFRFN/,247,20980,2017-06-20T18:48:35.000Z,cw_reign
https://www.instagram.com/p/BVh-RY7lnNI/,141,12892,2017-06-19T18:14:36.000Z,cw_reign
https://www.instagram.com/p/BVfVGt4l4yO/,129,12956,2017-06-18T17:36:24.000Z,cw_reign
https://www.instagram.com/p/BVceqf4lQJ3/,250,13631,2017-06-17T15:02:12.000Z,cw_reign
https://www.instagram.com/p/BVaZ1n8F49z/,228,15851,2017-06-16T19:41:33.000Z,cw_reign
https://www.instagram.com/p/BVaMwEJFkeo/,350,21255,2017-06-16T17:47:12.000Z,cw_reign
https://www.instagram.com/p/CCM97dXCXTN/,0,105,2020-07-04T02:00:22.000Z,royalselangor
https://www.instagram.com/p/CCKvT3oiKPp/,0,73,2020-07-03T05:14:08.000Z,royalselangor
https://www.instagram.com/p/CCIrl2firXN/,3,72,2020-07-02T10:03:09.000Z,royalselangor
https://www.instagram.com/p/CCInjEVp3XT/,0,132,2020-07-02T09:27:46.000Z,royalselangor
https://www.instagram.com/p/CCInjEWJ94L/,0,132,2020-07-02T09:27:46.000Z,royalselangor
https://www.instagram.com/p/CCInjEUJxvb/,0,132,2020-07-02T09:27:46.000Z,royalselangor
https://www.instagram.com/p/CCInjEVJXvD/,0,132,2020-07-02T09:27:46.000Z,royalselangor
https://www.instagram.com/p/CCIlwV4i4TK/,1,102,2020-07-02T09:12:09.000Z,royalselangor
https://www.instagram.com/p/CCIiXmaJ5Dh/,0,50,2020-07-02T09:10:57.000Z,royalselangor
https://www.instagram.com/p/CB0FKRQCghP/,1,65,2020-06-24T10:02:33.000Z,royalselangor
https://www.instagram.com/p/CCVxD-gjYb0/,81,9820,2020-07-07T12:01:09.000Z,vacheronconstantin
https://www.instagram.com/p/CCQiF-yDZti/,44,6461,2020-07-05T11:14:08.000Z,vacheronconstantin
https://www.instagram.com/p/CCLmbDYpFMf/,56,4895,2020-07-03T13:15:39.000Z,vacheronconstantin
https://www.instagram.com/p/CCLmbDaJLRp/,56,4895,2020-07-03T13:15:39.000Z,vacheronconstantin
https://www.instagram.com/p/CCF7Hb2g6h-/,90,17155,2020-07-01T08:21:09.000Z,vacheronconstantin
https://www.instagram.com/p/CCA1_Q9givp/,94,14811,2020-06-29T09:00:08.000Z,vacheronconstantin
https://www.instagram.com/p/CB2nnZ2ATjH/,32,4373,2020-06-25T09:42:08.000Z,vacheronconstantin
https://www.instagram.com/p/CBx8rL6FvDh/,67,10060,2020-06-23T14:09:57.000Z,vacheronconstantin
https://www.instagram.com/p/CBp_b4bDxmi/,99,9714,2020-06-20T12:00:09.000Z,vacheronconstantin
https://www.instagram.com/p/CBkorzcAkVc/,205,23632,2020-06-18T10:05:09.000Z,vacheronconstantin
https://www.instagram.com/p/CCWNpWyCgd2/,20,4794,2020-07-07T16:10:48.000Z,jaegerlecoultre
https://www.instagram.com/p/CCWNpWzCAZy/,20,4794,2020-07-07T16:10:48.000Z,jaegerlecoultre
https://www.instagram.com/p/CCTp6M3jCPR/,28,5498,2020-07-06T16:20:06.000Z,jaegerlecoultre
https://www.instagram.com/p/CCOimxijcxx/,88,11115,2020-07-04T16:40:09.000Z,jaegerlecoultre
https://www.instagram.com/p/CCGoxwGDzQ2/,16,2790,2020-07-01T15:00:09.000Z,jaegerlecoultre
https://www.instagram.com/p/CCED-8nDkuE/,30,11488,2020-06-30T15:00:09.000Z,jaegerlecoultre
https://www.instagram.com/p/CCBfL9YDwtU/,44,10608,2020-06-29T15:00:08.000Z,jaegerlecoultre
https://www.instagram.com/p/CB8VmToDOSj/,39,11216,2020-06-27T15:00:09.000Z,jaegerlecoultre
https://www.instagram.com/p/CB5w0CpDq3b/,22,3972,2020-06-26T15:00:15.000Z,jaegerlecoultre
https://www.instagram.com/p/CB3MAkMjx8p/,39,12015,2020-06-25T15:00:09.000Z,jaegerlecoultre
https://www.instagram.com/p/CCLXKb9IZVQ/,8,8422,2020-07-03T11:02:18.000Z,marni
https://www.instagram.com/p/CCJUjcmIkWT/,8,3204,2020-07-02T16:01:01.000Z,marni
https://www.instagram.com/p/CCGNamYoPo-/,15,4134,2020-07-01T11:00:56.000Z,marni
https://www.instagram.com/p/CCEK_QvjXE4/,37,7871,2020-06-30T16:01:14.000Z,marni
https://www.instagram.com/p/CCBDmN8oLB8/,10,1216,2020-06-29T11:04:15.000Z,marni
https://www.instagram.com/p/CB-syCjDPkc/,15,4287,2020-06-28T13:01:05.000Z,marni
https://www.instagram.com/p/CB8H-ieDvF3/,6,3085,2020-06-27T13:01:00.000Z,marni
https://www.instagram.com/p/CB5Vd2BAshc/,12,3232,2020-06-26T11:01:09.000Z,marni
https://www.instagram.com/p/CB3S-e0nf-v/,64,13728,2020-06-25T16:00:55.000Z,marni
https://www.instagram.com/p/CBn2I0AjOzh/,4,2267,2020-06-19T16:00:18.000Z,marni
https://www.instagram.com/p/CCT1dI9lUfC/,362,1620,2020-07-06T18:00:56.000Z,ryanalessi
https://www.instagram.com/p/CCJiPWvlgDj/,254,1084,2020-07-02T18:03:34.000Z,ryanalessi
https://www.instagram.com/p/CB6FvPolMeB/,434,1847,2020-06-26T18:02:57.000Z,ryanalessi
https://www.instagram.com/p/CBszgyUFzJh/,341,1175,2020-06-21T14:22:44.000Z,ryanalessi
https://www.instagram.com/p/CBi5L7hF9bO/,454,2300,2020-06-17T17:50:45.000Z,ryanalessi
https://www.instagram.com/p/CBTmHn_gR3s/,,,,
https://www.instagram.com/p/CBLzLdXFkSI/,394,2111,2020-06-08T18:35:43.000Z,ryanalessi
https://www.instagram.com/p/CA7DjxjlAae/,103,1421,2020-06-02T06:31:46.000Z,ryanalessi
https://www.instagram.com/p/CA3UZZfghUw/,198,2368,2020-05-31T19:43:33.000Z,ryanalessi
https://www.instagram.com/p/CA3UZbAgDDT/,198,2368,2020-05-31T19:43:33.000Z,ryanalessi
https://www.instagram.com/p/CCTphTvqxo_/,177,31229,2020-07-06T16:16:39.000Z,fendi
https://www.instagram.com/p/CCTphTzK1Rn/,177,31229,2020-07-06T16:16:39.000Z,fendi
https://www.instagram.com/p/CCTphTrKObe/,177,31229,2020-07-06T16:16:39.000Z,fendi
https://www.instagram.com/p/CCTYd1uK_NW/,126,8795,2020-07-06T13:48:23.000Z,fendi
https://www.instagram.com/p/CCTNLkPqKbo/,232,46339,2020-07-06T12:09:01.000Z,fendi
https://www.instagram.com/p/CCTNLkRqI4M/,232,46339,2020-07-06T12:09:01.000Z,fendi
https://www.instagram.com/p/CCRCcF9qztj/,891,44384,2020-07-05T15:56:40.000Z,fendi
https://www.instagram.com/p/CCQ1RynK1MN/,274,13211,2020-07-05T14:02:18.000Z,fendi
https://www.instagram.com/p/CCQoOkPKtf7/,273,33244,2020-07-05T12:07:37.000Z,fendi
https://www.instagram.com/p/CCQZ9GGKl3i/,69,15197,2020-07-05T10:03:05.000Z,fendi
https://www.instagram.com/p/CCUzJ0lIU-0/,464,177361,2020-07-07T03:00:04.000Z,dior
https://www.instagram.com/p/CCUzJ0kIzr7/,464,177361,2020-07-07T03:00:04.000Z,dior
https://www.instagram.com/p/CCUsS1CIAGu/,1567,376559,2020-07-07T02:00:08.000Z,dior
https://www.instagram.com/p/CCUsS1BId5o/,1567,376559,2020-07-07T02:00:08.000Z,dior
https://www.instagram.com/p/CCUlbNGIUUU/,473,162148,2020-07-07T01:00:06.000Z,dior
https://www.instagram.com/p/CCUlbNHIlP2/,473,162148,2020-07-07T01:00:06.000Z,dior
https://www.instagram.com/p/CCUbH0zIyAH/,352,139158,2020-07-06T23:30:04.000Z,dior
https://www.instagram.com/p/CCUJ88IIlfQ/,269,89971,2020-07-06T21:00:02.000Z,dior
https://www.instagram.com/p/CCUDF2TIiNY/,1322,274833,2020-07-06T20:00:06.000Z,dior
https://www.instagram.com/p/CCUDF2WIwYP/,1322,274833,2020-07-06T20:00:06.000Z,dior
https://www.instagram.com/p/CCVaqNRD_F-/,38,10140,2020-07-07T08:45:16.000Z,prada
https://www.instagram.com/p/CCUA0URj0pV/,118,31797,2020-07-06T19:40:13.000Z,prada
https://www.instagram.com/p/CCTpsW9jlMu/,37,11037,2020-07-06T16:18:30.000Z,prada
https://www.instagram.com/p/CCTGrz5D-Wf/,75,17538,2020-07-06T11:12:14.000Z,prada
https://www.instagram.com/p/CCRmb8mj_iH/,186,63924,2020-07-05T21:11:13.000Z,prada
https://www.instagram.com/p/CCRYICoj87u/,128,22501,2020-07-05T19:06:30.000Z,prada
https://www.instagram.com/p/CCRDEvSjz-a/,139,55822,2020-07-05T16:02:12.000Z,prada
https://www.instagram.com/p/CCOiu7SjvWL/,46,11847,2020-07-04T16:41:28.000Z,prada
https://www.instagram.com/p/CCMZv4OjoLu/,58,13148,2020-07-03T20:44:30.000Z,prada
https://www.instagram.com/p/CCL7TZqIn8Z/,52,11011,2020-07-03T16:21:21.000Z,prada
https://www.instagram.com/p/CCTTDUxInKz/,115,36419,2020-07-06T13:00:18.000Z,bulgari
https://www.instagram.com/p/CCQ7_9fIdFJ/,77,13766,2020-07-05T15:00:23.000Z,bulgari
https://www.instagram.com/p/CCQFH0mIIKD/,64,24044,2020-07-05T07:00:52.000Z,bulgari
https://www.instagram.com/p/CCOXPMpI_3m/,130,43520,2020-07-04T15:00:41.000Z,bulgari
https://www.instagram.com/p/CCNgTkBIjDj/,82,28478,2020-07-04T07:00:41.000Z,bulgari
https://www.instagram.com/p/CCLkqeToWmA/,319,82804,2020-07-03T13:00:17.000Z,bulgari
https://www.instagram.com/p/CCJX97SIWkE/,65,9302,2020-07-02T16:30:52.000Z,bulgari
https://www.instagram.com/p/CCJX97SoJSo/,65,9302,2020-07-02T16:30:52.000Z,bulgari
https://www.instagram.com/p/CCJX97TIQJR/,65,9302,2020-07-02T16:30:52.000Z,bulgari
https://www.instagram.com/p/CCIvLS0oW7d/,111,8117,2020-07-02T10:39:12.000Z,bulgari
https://www.instagram.com/p/CCKDVnIBZXQ/,316,62302,2020-07-02T22:49:50.000Z,isabella_fiori
https://www.instagram.com/p/CCKDVnHhL7n/,316,62302,2020-07-02T22:49:50.000Z,isabella_fiori
https://www.instagram.com/p/CB6cDf-BFSh/,565,96146,2020-06-26T21:17:59.000Z,isabella_fiori
https://www.instagram.com/p/CB6cDf_B5M2/,565,96146,2020-06-26T21:17:59.000Z,isabella_fiori
https://www.instagram.com/p/CB4EhWwFjZb/,553,49117,2020-06-25T23:13:51.000Z,isabella_fiori
https://www.instagram.com/p/CB4EhWxF0hA/,553,49117,2020-06-25T23:13:51.000Z,isabella_fiori
https://www.instagram.com/p/CBwJkeTBIQp/,213,48436,2020-06-22T21:24:02.000Z,isabella_fiori
https://www.instagram.com/p/CBwJkeQh6Ua/,213,48436,2020-06-22T21:24:02.000Z,isabella_fiori
https://www.instagram.com/p/CBrLJysB8k_/,464,65863,2020-06-20T23:01:40.000Z,isabella_fiori
https://www.instagram.com/p/CBokhk1BDol/,180,44268,2020-06-19T22:45:39.000Z,isabella_fiori